{
    "x": -6.485969543457031,
    "y": -1.1374223232269288,
    "z": 0.0
}