{"x":-6.237532615661621,"y":-0.7071833610534668,"z":0.0}