{
    "x": 6.952763080596924,
    "y": 1.9335863590240479,
    "z": 0.0
}