{
    "x": -0.7370417714118958,
    "y": 4.095576763153076,
    "z": 0.0
}