{"x":-0.705388605594635,"y":4.693434238433838,"z":0.0}