{"x":6.496130466461182,"y":2.7049102783203127,"z":0.0}